{
  "baseline": {
    "piano_authenticity": {
      "sustain_decay_quality": [
        0.015255341305309532,
        0.009643834097946705,
        0.004276141353523511,
        0.004733080311214471,
        0.005491577308349345,
        0.014418109470987284,
        0.0044264114842552365,
        0.008056301509064476,
        0.008486939110892659,
        0.008725023100051984
      ],
      "frequency_range_coverage": [
        0.11826263618036524,
        0.1471956542104744,
        0.1894631330399598,
        0.10007320413010043,
        0.09984552197618263,
        0.14554331215324687,
        0.08892985129274106,
        0.07001705567660224,
        0.12562792845156268,
        0.21103640642845514
      ]
    },
    "musical_quality": {
      "rhythmic_consistency": [
        0.9841674458786117,
        0.9866444527149573,
        0.9446834733789883,
        0.9768837336653718,
        0.9487668996911668,
        0.9864101269697212,
        0.9761270063226007,
        0.9542391884096271,
        0.9682194371728313,
        0.9509541100205025
      ],
      "melodic_coherence": [
        0.2880075630111029,
        0.26261428966994094,
        0.2521574164699701,
        0.2727264404322275,
        0.3256216155196541,
        0.2809450446697305,
        0.3219284741697543,
        0.3055740120344013,
        0.25885372071020146,
        0.24545884654117867
      ],
      "harmonic_progression_quality": [
        0.646166912659093,
        0.6255585611958011,
        0.606070072892923,
        0.6516443038157581,
        0.6690335162255288,
        0.648808403702828,
        0.649721106052196,
        0.6778423493615578,
        0.6433592144960075,
        0.6005172034133937
      ],
      "dynamic_expression": [
        1.0,
        1.0,
        1.0,
        1.0,
        1.0,
        1.0,
        1.0,
        1.0,
        1.0,
        1.0
      ],
      "phrase_structure": [
        0.15445120128727158,
        0.21390066450283526,
        0.14842728728558366,
        0.16704900061377517,
        0.15187703731959787,
        0.20269750579130152,
        0.21039661255840317,
        0.21451344209949028,
        0.20263830512271427,
        0.11387703468448236
      ]
    },
    "technical_quality": {
      "signal_noise_ratio": [
        1.0,
        1.0,
        1.0,
        1.0,
        1.0,
        1.0,
        1.0,
        1.0,
        1.0,
        1.0
      ],
      "dynamic_range": [
        1.0,
        1.0,
        1.0,
        1.0,
        1.0,
        1.0,
        1.0,
        1.0,
        1.0,
        1.0
      ],
      "frequency_response": [
        0.0448780487804878,
        0.03609756097560975,
        0.045853658536585365,
        0.05365853658536585,
        0.026341463414634145,
        0.04097560975609756,
        0.0351219512195122,
        0.05170731707317073,
        0.026341463414634145,
        0.042926829268292686
      ],
      "artifacts_score": [
        0.9862479608689269,
        0.9964237652308269,
        0.9705726383622514,
        0.9880829132607225,
        0.9953903630812697,
        0.9686645087959702,
        0.9984844549940974,
        0.9973483726293064,
        0.9891338458213168,
        0.9891806314259788
      ]
    },
    "semantic_alignment": [
      0.5,
      0.7999999999999999,
      0.85,
      0.6,
      0.6,
      0.6,
      0.6,
      0.6,
      0.6,
      0.7
    ]
  },
  "finetuned": {
    "piano_authenticity": {
      "sustain_decay_quality": [
        0.010594071329000518,
        0.006593208393592989,
        0.014617920249794428,
        0.013130680973179291,
        0.01064385578746139,
        0.006577808057933771,
        0.006680326710235028,
        0.01302813728687434,
        0.009198699802557378,
        0.006927558022019866
      ],
      "frequency_range_coverage": [
        0.10249302496711207,
        0.07844276659257532,
        0.1401223251588356,
        0.07310916014730055,
        0.07621804915130397,
        0.14504208315266404,
        0.10130085234957764,
        0.07102026509525337,
        0.22981037476798927,
        0.10722822603381715
      ]
    },
    "musical_quality": {
      "rhythmic_consistency": [
        0.9475909108952474,
        0.9787920773863023,
        0.9548274512246695,
        0.9538234862958646,
        0.9632958058262338,
        0.9685155577419751,
        0.8971132181104139,
        0.9670924209528989,
        0.9667505263839367,
        0.9821106279895873
      ],
      "melodic_coherence": [
        0.26239770709503607,
        0.2899429404893177,
        0.27563315588944226,
        0.318646747095927,
        0.2869615103941666,
        0.2721305376172633,
        0.34122646902300857,
        0.3238377941080259,
        0.23785020808263901,
        0.30984331202530185
      ],
      "harmonic_progression_quality": [
        0.6555227540087687,
        0.6761131478134498,
        0.6612542811791056,
        0.6749536812613011,
        0.6865022634191931,
        0.635837672281196,
        0.6601890248302957,
        0.6994685991546615,
        0.5951754831583506,
        0.6728712373969615
      ],
      "dynamic_expression": [
        1.0,
        1.0,
        1.0,
        1.0,
        1.0,
        1.0,
        1.0,
        1.0,
        1.0,
        1.0
      ],
      "phrase_structure": [
        0.3781863687346692,
        0.23332891715319956,
        0.12900979228200646,
        0.21297642423472893,
        0.2006976243209028,
        0.11566336110174609,
        0.26526133531949,
        0.356090127730801,
        0.12593353004663638,
        0.14633989793132762
      ]
    },
    "technical_quality": {
      "signal_noise_ratio": [
        1.0,
        1.0,
        1.0,
        1.0,
        1.0,
        1.0,
        1.0,
        1.0,
        1.0,
        1.0
      ],
      "dynamic_range": [
        1.0,
        1.0,
        1.0,
        1.0,
        1.0,
        1.0,
        1.0,
        1.0,
        1.0,
        1.0
      ],
      "frequency_response": [
        0.09268292682926829,
        0.050731707317073174,
        0.016585365853658537,
        0.09073170731707317,
        0.05170731707317073,
        0.07414634146341463,
        0.05268292682926829,
        0.11707317073170732,
        0.04878048780487805,
        0.037073170731707315
      ],
      "artifacts_score": [
        0.9919295430348619,
        0.9986833121315012,
        0.9707175170860695,
        0.995591235767295,
        0.9963299048012495,
        0.9796887774490567,
        0.9957413503455951,
        0.9930162536467524,
        0.9786127476170734,
        0.9779672003327937
      ]
    },
    "semantic_alignment": [
      0.5,
      0.7,
      0.6,
      0.6,
      0.6,
      0.6,
      0.6,
      0.6,
      0.6,
      0.6
    ]
  },
  "improvements": {
    "piano_authenticity": {
      "sustain_decay_quality": {
        "baseline_mean": 0.008351275905159519,
        "finetuned_mean": 0.009799226661264902,
        "improvement_percent": 17.338078307421526,
        "is_improvement": true
      },
      "frequency_range_coverage": {
        "baseline_mean": 0.12959947035396907,
        "finetuned_mean": 0.1124787127416429,
        "improvement_percent": -13.21051510902401,
        "is_improvement": false
      }
    },
    "musical_quality": {
      "rhythmic_consistency": {
        "baseline_mean": 0.9677095874224377,
        "finetuned_mean": 0.957991208280713,
        "improvement_percent": -1.0042660802411052,
        "is_improvement": false
      },
      "melodic_coherence": {
        "baseline_mean": 0.2813887423228162,
        "finetuned_mean": 0.2918470381820128,
        "improvement_percent": 3.716671737776414,
        "is_improvement": true
      },
      "harmonic_progression_quality": {
        "baseline_mean": 0.6418721643815087,
        "finetuned_mean": 0.6617888144503283,
        "improvement_percent": 3.102899794386747,
        "is_improvement": true
      },
      "dynamic_expression": {
        "baseline_mean": 1.0,